{
	"textures": [
		{
			"image": "village",
			"format": "RGBA8888",
			"size": {
				"w": 808,
				"h": 808
			},
			"scale": 1,
			"frames": [
				{
					"filename": "50",
					"rotated": false,
					"trimmed": false,
					"sourceSize": {
						"w": 232,
						"h": 21
					},
					"spriteSourceSize": {
						"x": 0,
						"y": 0,
						"w": 232,
						"h": 21
					},
					"frame": {
						"x": 0,
						"y": 0,
						"w": 232,
						"h": 21
					}
				},
				{
					"filename": "51",
					"rotated": false,
					"trimmed": false,
					"sourceSize": {
						"w": 232,
						"h": 21
					},
					"spriteSourceSize": {
						"x": 0,
						"y": 0,
						"w": 232,
						"h": 21
					},
					"frame": {
						"x": 0,
						"y": 21,
						"w": 232,
						"h": 21
					}
				},
				{
					"filename": "10",
					"rotated": false,
					"trimmed": false,
					"sourceSize": {
						"w": 190,
						"h": 104
					},
					"spriteSourceSize": {
						"x": 0,
						"y": 0,
						"w": 190,
						"h": 104
					},
					"frame": {
						"x": 0,
						"y": 42,
						"w": 190,
						"h": 104
					}
				},
				{
					"filename": "8",
					"rotated": false,
					"trimmed": false,
					"sourceSize": {
						"w": 190,
						"h": 104
					},
					"spriteSourceSize": {
						"x": 0,
						"y": 0,
						"w": 190,
						"h": 104
					},
					"frame": {
						"x": 0,
						"y": 146,
						"w": 190,
						"h": 104
					}
				},
				{
					"filename": "45",
					"rotated": false,
					"trimmed": false,
					"sourceSize": {
						"w": 184,
						"h": 93
					},
					"spriteSourceSize": {
						"x": 0,
						"y": 0,
						"w": 184,
						"h": 93
					},
					"frame": {
						"x": 232,
						"y": 0,
						"w": 184,
						"h": 93
					}
				},
				{
					"filename": "46",
					"rotated": false,
					"trimmed": false,
					"sourceSize": {
						"w": 183,
						"h": 93
					},
					"spriteSourceSize": {
						"x": 0,
						"y": 0,
						"w": 183,
						"h": 93
					},
					"frame": {
						"x": 190,
						"y": 93,
						"w": 183,
						"h": 93
					}
				},
				{
					"filename": "5",
					"rotated": false,
					"trimmed": false,
					"sourceSize": {
						"w": 179,
						"h": 21
					},
					"spriteSourceSize": {
						"x": 0,
						"y": 0,
						"w": 179,
						"h": 21
					},
					"frame": {
						"x": 190,
						"y": 186,
						"w": 179,
						"h": 21
					}
				},
				{
					"filename": "26",
					"rotated": false,
					"trimmed": false,
					"sourceSize": {
						"w": 171,
						"h": 161
					},
					"spriteSourceSize": {
						"x": 0,
						"y": 0,
						"w": 171,
						"h": 161
					},
					"frame": {
						"x": 0,
						"y": 250,
						"w": 171,
						"h": 161
					}
				},
				{
					"filename": "29",
					"rotated": false,
					"trimmed": false,
					"sourceSize": {
						"w": 171,
						"h": 160
					},
					"spriteSourceSize": {
						"x": 0,
						"y": 0,
						"w": 171,
						"h": 160
					},
					"frame": {
						"x": 171,
						"y": 250,
						"w": 171,
						"h": 160
					}
				},
				{
					"filename": "32",
					"rotated": false,
					"trimmed": false,
					"sourceSize": {
						"w": 171,
						"h": 160
					},
					"spriteSourceSize": {
						"x": 0,
						"y": 0,
						"w": 171,
						"h": 160
					},
					"frame": {
						"x": 0,
						"y": 411,
						"w": 171,
						"h": 160
					}
				},
				{
					"filename": "28",
					"rotated": false,
					"trimmed": false,
					"sourceSize": {
						"w": 39,
						"h": 161
					},
					"spriteSourceSize": {
						"x": 0,
						"y": 0,
						"w": 39,
						"h": 161
					},
					"frame": {
						"x": 171,
						"y": 410,
						"w": 39,
						"h": 161
					}
				},
				{
					"filename": "2",
					"rotated": false,
					"trimmed": false,
					"sourceSize": {
						"w": 160,
						"h": 78
					},
					"spriteSourceSize": {
						"x": 0,
						"y": 0,
						"w": 160,
						"h": 78
					},
					"frame": {
						"x": 210,
						"y": 410,
						"w": 160,
						"h": 78
					}
				},
				{
					"filename": "25",
					"rotated": false,
					"trimmed": false,
					"sourceSize": {
						"w": 34,
						"h": 160
					},
					"spriteSourceSize": {
						"x": 0,
						"y": 0,
						"w": 34,
						"h": 160
					},
					"frame": {
						"x": 373,
						"y": 93,
						"w": 34,
						"h": 160
					}
				},
				{
					"filename": "27",
					"rotated": false,
					"trimmed": false,
					"sourceSize": {
						"w": 34,
						"h": 160
					},
					"spriteSourceSize": {
						"x": 0,
						"y": 0,
						"w": 34,
						"h": 160
					},
					"frame": {
						"x": 370,
						"y": 253,
						"w": 34,
						"h": 160
					}
				},
				{
					"filename": "30",
					"rotated": false,
					"trimmed": false,
					"sourceSize": {
						"w": 38,
						"h": 160
					},
					"spriteSourceSize": {
						"x": 0,
						"y": 0,
						"w": 38,
						"h": 160
					},
					"frame": {
						"x": 416,
						"y": 0,
						"w": 38,
						"h": 160
					}
				},
				{
					"filename": "31",
					"rotated": false,
					"trimmed": false,
					"sourceSize": {
						"w": 35,
						"h": 160
					},
					"spriteSourceSize": {
						"x": 0,
						"y": 0,
						"w": 35,
						"h": 160
					},
					"frame": {
						"x": 407,
						"y": 160,
						"w": 35,
						"h": 160
					}
				},
				{
					"filename": "33",
					"rotated": false,
					"trimmed": false,
					"sourceSize": {
						"w": 35,
						"h": 160
					},
					"spriteSourceSize": {
						"x": 0,
						"y": 0,
						"w": 35,
						"h": 160
					},
					"frame": {
						"x": 404,
						"y": 320,
						"w": 35,
						"h": 160
					}
				},
				{
					"filename": "1",
					"rotated": false,
					"trimmed": false,
					"sourceSize": {
						"w": 159,
						"h": 78
					},
					"spriteSourceSize": {
						"x": 0,
						"y": 0,
						"w": 159,
						"h": 78
					},
					"frame": {
						"x": 210,
						"y": 488,
						"w": 159,
						"h": 78
					}
				},
				{
					"filename": "15",
					"rotated": false,
					"trimmed": false,
					"sourceSize": {
						"w": 82,
						"h": 156
					},
					"spriteSourceSize": {
						"x": 0,
						"y": 0,
						"w": 82,
						"h": 156
					},
					"frame": {
						"x": 454,
						"y": 0,
						"w": 82,
						"h": 156
					}
				},
				{
					"filename": "18",
					"rotated": false,
					"trimmed": false,
					"sourceSize": {
						"w": 130,
						"h": 156
					},
					"spriteSourceSize": {
						"x": 0,
						"y": 0,
						"w": 130,
						"h": 156
					},
					"frame": {
						"x": 536,
						"y": 0,
						"w": 130,
						"h": 156
					}
				},
				{
					"filename": "19",
					"rotated": false,
					"trimmed": false,
					"sourceSize": {
						"w": 138,
						"h": 156
					},
					"spriteSourceSize": {
						"x": 0,
						"y": 0,
						"w": 138,
						"h": 156
					},
					"frame": {
						"x": 454,
						"y": 156,
						"w": 138,
						"h": 156
					}
				},
				{
					"filename": "21",
					"rotated": false,
					"trimmed": false,
					"sourceSize": {
						"w": 138,
						"h": 156
					},
					"spriteSourceSize": {
						"x": 0,
						"y": 0,
						"w": 138,
						"h": 156
					},
					"frame": {
						"x": 442,
						"y": 312,
						"w": 138,
						"h": 156
					}
				},
				{
					"filename": "14",
					"rotated": false,
					"trimmed": false,
					"sourceSize": {
						"w": 82,
						"h": 155
					},
					"spriteSourceSize": {
						"x": 0,
						"y": 0,
						"w": 82,
						"h": 155
					},
					"frame": {
						"x": 580,
						"y": 312,
						"w": 82,
						"h": 155
					}
				},
				{
					"filename": "16",
					"rotated": false,
					"trimmed": false,
					"sourceSize": {
						"w": 82,
						"h": 155
					},
					"spriteSourceSize": {
						"x": 0,
						"y": 0,
						"w": 82,
						"h": 155
					},
					"frame": {
						"x": 0,
						"y": 571,
						"w": 82,
						"h": 155
					}
				},
				{
					"filename": "17",
					"rotated": false,
					"trimmed": false,
					"sourceSize": {
						"w": 82,
						"h": 155
					},
					"spriteSourceSize": {
						"x": 0,
						"y": 0,
						"w": 82,
						"h": 155
					},
					"frame": {
						"x": 82,
						"y": 571,
						"w": 82,
						"h": 155
					}
				},
				{
					"filename": "20",
					"rotated": false,
					"trimmed": false,
					"sourceSize": {
						"w": 129,
						"h": 152
					},
					"spriteSourceSize": {
						"x": 0,
						"y": 0,
						"w": 129,
						"h": 152
					},
					"frame": {
						"x": 164,
						"y": 571,
						"w": 129,
						"h": 152
					}
				},
				{
					"filename": "57",
					"rotated": false,
					"trimmed": false,
					"sourceSize": {
						"w": 136,
						"h": 135
					},
					"spriteSourceSize": {
						"x": 0,
						"y": 0,
						"w": 136,
						"h": 135
					},
					"frame": {
						"x": 293,
						"y": 566,
						"w": 136,
						"h": 135
					}
				},
				{
					"filename": "70",
					"rotated": false,
					"trimmed": false,
					"sourceSize": {
						"w": 134,
						"h": 121
					},
					"spriteSourceSize": {
						"x": 0,
						"y": 0,
						"w": 134,
						"h": 121
					},
					"frame": {
						"x": 439,
						"y": 468,
						"w": 134,
						"h": 121
					}
				},
				{
					"filename": "47",
					"rotated": false,
					"trimmed": false,
					"sourceSize": {
						"w": 22,
						"h": 107
					},
					"spriteSourceSize": {
						"x": 0,
						"y": 0,
						"w": 22,
						"h": 107
					},
					"frame": {
						"x": 342,
						"y": 207,
						"w": 22,
						"h": 107
					}
				},
				{
					"filename": "42",
					"rotated": false,
					"trimmed": false,
					"sourceSize": {
						"w": 91,
						"h": 105
					},
					"spriteSourceSize": {
						"x": 0,
						"y": 0,
						"w": 91,
						"h": 105
					},
					"frame": {
						"x": 573,
						"y": 468,
						"w": 91,
						"h": 105
					}
				},
				{
					"filename": "43",
					"rotated": false,
					"trimmed": false,
					"sourceSize": {
						"w": 91,
						"h": 105
					},
					"spriteSourceSize": {
						"x": 0,
						"y": 0,
						"w": 91,
						"h": 105
					},
					"frame": {
						"x": 573,
						"y": 573,
						"w": 91,
						"h": 105
					}
				},
				{
					"filename": "6",
					"rotated": false,
					"trimmed": false,
					"sourceSize": {
						"w": 55,
						"h": 104
					},
					"spriteSourceSize": {
						"x": 0,
						"y": 0,
						"w": 55,
						"h": 104
					},
					"frame": {
						"x": 592,
						"y": 156,
						"w": 55,
						"h": 104
					}
				},
				{
					"filename": "9",
					"rotated": false,
					"trimmed": false,
					"sourceSize": {
						"w": 55,
						"h": 104
					},
					"spriteSourceSize": {
						"x": 0,
						"y": 0,
						"w": 55,
						"h": 104
					},
					"frame": {
						"x": 429,
						"y": 589,
						"w": 55,
						"h": 104
					}
				},
				{
					"filename": "3",
					"rotated": false,
					"trimmed": false,
					"sourceSize": {
						"w": 98,
						"h": 95
					},
					"spriteSourceSize": {
						"x": 0,
						"y": 0,
						"w": 98,
						"h": 95
					},
					"frame": {
						"x": 666,
						"y": 0,
						"w": 98,
						"h": 95
					}
				},
				{
					"filename": "4",
					"rotated": false,
					"trimmed": false,
					"sourceSize": {
						"w": 98,
						"h": 95
					},
					"spriteSourceSize": {
						"x": 0,
						"y": 0,
						"w": 98,
						"h": 95
					},
					"frame": {
						"x": 666,
						"y": 95,
						"w": 98,
						"h": 95
					}
				},
				{
					"filename": "54",
					"rotated": false,
					"trimmed": false,
					"sourceSize": {
						"w": 42,
						"h": 97
					},
					"spriteSourceSize": {
						"x": 0,
						"y": 0,
						"w": 42,
						"h": 97
					},
					"frame": {
						"x": 647,
						"y": 190,
						"w": 42,
						"h": 97
					}
				},
				{
					"filename": "44",
					"rotated": false,
					"trimmed": false,
					"sourceSize": {
						"w": 91,
						"h": 81
					},
					"spriteSourceSize": {
						"x": 0,
						"y": 0,
						"w": 91,
						"h": 81
					},
					"frame": {
						"x": 664,
						"y": 287,
						"w": 91,
						"h": 81
					}
				},
				{
					"filename": "48",
					"rotated": false,
					"trimmed": false,
					"sourceSize": {
						"w": 86,
						"h": 87
					},
					"spriteSourceSize": {
						"x": 0,
						"y": 0,
						"w": 86,
						"h": 87
					},
					"frame": {
						"x": 484,
						"y": 589,
						"w": 86,
						"h": 87
					}
				},
				{
					"filename": "49",
					"rotated": false,
					"trimmed": false,
					"sourceSize": {
						"w": 86,
						"h": 86
					},
					"spriteSourceSize": {
						"x": 0,
						"y": 0,
						"w": 86,
						"h": 86
					},
					"frame": {
						"x": 662,
						"y": 368,
						"w": 86,
						"h": 86
					}
				},
				{
					"filename": "35",
					"rotated": false,
					"trimmed": false,
					"sourceSize": {
						"w": 84,
						"h": 82
					},
					"spriteSourceSize": {
						"x": 0,
						"y": 0,
						"w": 84,
						"h": 82
					},
					"frame": {
						"x": 664,
						"y": 454,
						"w": 84,
						"h": 82
					}
				},
				{
					"filename": "34",
					"rotated": false,
					"trimmed": false,
					"sourceSize": {
						"w": 83,
						"h": 82
					},
					"spriteSourceSize": {
						"x": 0,
						"y": 0,
						"w": 83,
						"h": 82
					},
					"frame": {
						"x": 664,
						"y": 536,
						"w": 83,
						"h": 82
					}
				},
				{
					"filename": "38",
					"rotated": false,
					"trimmed": false,
					"sourceSize": {
						"w": 83,
						"h": 83
					},
					"spriteSourceSize": {
						"x": 0,
						"y": 0,
						"w": 83,
						"h": 83
					},
					"frame": {
						"x": 664,
						"y": 618,
						"w": 83,
						"h": 83
					}
				},
				{
					"filename": "39",
					"rotated": false,
					"trimmed": false,
					"sourceSize": {
						"w": 55,
						"h": 83
					},
					"spriteSourceSize": {
						"x": 0,
						"y": 0,
						"w": 55,
						"h": 83
					},
					"frame": {
						"x": 370,
						"y": 480,
						"w": 55,
						"h": 83
					}
				},
				{
					"filename": "41",
					"rotated": false,
					"trimmed": false,
					"sourceSize": {
						"w": 79,
						"h": 82
					},
					"spriteSourceSize": {
						"x": 0,
						"y": 0,
						"w": 79,
						"h": 82
					},
					"frame": {
						"x": 0,
						"y": 726,
						"w": 79,
						"h": 82
					}
				},
				{
					"filename": "11",
					"rotated": false,
					"trimmed": false,
					"sourceSize": {
						"w": 48,
						"h": 76
					},
					"spriteSourceSize": {
						"x": 0,
						"y": 0,
						"w": 48,
						"h": 76
					},
					"frame": {
						"x": 79,
						"y": 726,
						"w": 48,
						"h": 76
					}
				},
				{
					"filename": "13",
					"rotated": false,
					"trimmed": false,
					"sourceSize": {
						"w": 76,
						"h": 48
					},
					"spriteSourceSize": {
						"x": 0,
						"y": 0,
						"w": 76,
						"h": 48
					},
					"frame": {
						"x": 484,
						"y": 676,
						"w": 76,
						"h": 48
					}
				},
				{
					"filename": "64",
					"rotated": false,
					"trimmed": false,
					"sourceSize": {
						"w": 75,
						"h": 32
					},
					"spriteSourceSize": {
						"x": 0,
						"y": 0,
						"w": 75,
						"h": 32
					},
					"frame": {
						"x": 689,
						"y": 190,
						"w": 75,
						"h": 32
					}
				},
				{
					"filename": "63",
					"rotated": false,
					"trimmed": false,
					"sourceSize": {
						"w": 74,
						"h": 44
					},
					"spriteSourceSize": {
						"x": 0,
						"y": 0,
						"w": 74,
						"h": 44
					},
					"frame": {
						"x": 689,
						"y": 222,
						"w": 74,
						"h": 44
					}
				},
				{
					"filename": "65",
					"rotated": false,
					"trimmed": false,
					"sourceSize": {
						"w": 74,
						"h": 18
					},
					"spriteSourceSize": {
						"x": 0,
						"y": 0,
						"w": 74,
						"h": 18
					},
					"frame": {
						"x": 689,
						"y": 266,
						"w": 74,
						"h": 18
					}
				},
				{
					"filename": "36",
					"rotated": false,
					"trimmed": false,
					"sourceSize": {
						"w": 73,
						"h": 73
					},
					"spriteSourceSize": {
						"x": 0,
						"y": 0,
						"w": 73,
						"h": 73
					},
					"frame": {
						"x": 127,
						"y": 726,
						"w": 73,
						"h": 73
					}
				},
				{
					"filename": "37",
					"rotated": false,
					"trimmed": false,
					"sourceSize": {
						"w": 73,
						"h": 73
					},
					"spriteSourceSize": {
						"x": 0,
						"y": 0,
						"w": 73,
						"h": 73
					},
					"frame": {
						"x": 200,
						"y": 724,
						"w": 73,
						"h": 73
					}
				},
				{
					"filename": "60",
					"rotated": false,
					"trimmed": false,
					"sourceSize": {
						"w": 73,
						"h": 53
					},
					"spriteSourceSize": {
						"x": 0,
						"y": 0,
						"w": 73,
						"h": 53
					},
					"frame": {
						"x": 560,
						"y": 678,
						"w": 73,
						"h": 53
					}
				},
				{
					"filename": "62",
					"rotated": false,
					"trimmed": false,
					"sourceSize": {
						"w": 72,
						"h": 51
					},
					"spriteSourceSize": {
						"x": 0,
						"y": 0,
						"w": 72,
						"h": 51
					},
					"frame": {
						"x": 273,
						"y": 731,
						"w": 72,
						"h": 51
					}
				},
				{
					"filename": "40",
					"rotated": false,
					"trimmed": false,
					"sourceSize": {
						"w": 55,
						"h": 71
					},
					"spriteSourceSize": {
						"x": 0,
						"y": 0,
						"w": 55,
						"h": 71
					},
					"frame": {
						"x": 429,
						"y": 693,
						"w": 55,
						"h": 71
					}
				},
				{
					"filename": "61",
					"rotated": false,
					"trimmed": false,
					"sourceSize": {
						"w": 71,
						"h": 51
					},
					"spriteSourceSize": {
						"x": 0,
						"y": 0,
						"w": 71,
						"h": 51
					},
					"frame": {
						"x": 484,
						"y": 724,
						"w": 71,
						"h": 51
					}
				},
				{
					"filename": "59",
					"rotated": false,
					"trimmed": false,
					"sourceSize": {
						"w": 69,
						"h": 58
					},
					"spriteSourceSize": {
						"x": 0,
						"y": 0,
						"w": 69,
						"h": 58
					},
					"frame": {
						"x": 345,
						"y": 701,
						"w": 69,
						"h": 58
					}
				},
				{
					"filename": "66",
					"rotated": false,
					"trimmed": false,
					"sourceSize": {
						"w": 68,
						"h": 64
					},
					"spriteSourceSize": {
						"x": 0,
						"y": 0,
						"w": 68,
						"h": 64
					},
					"frame": {
						"x": 555,
						"y": 731,
						"w": 68,
						"h": 64
					}
				},
				{
					"filename": "58",
					"rotated": false,
					"trimmed": false,
					"sourceSize": {
						"w": 67,
						"h": 66
					},
					"spriteSourceSize": {
						"x": 0,
						"y": 0,
						"w": 67,
						"h": 66
					},
					"frame": {
						"x": 623,
						"y": 731,
						"w": 67,
						"h": 66
					}
				},
				{
					"filename": "69",
					"rotated": false,
					"trimmed": false,
					"sourceSize": {
						"w": 66,
						"h": 67
					},
					"spriteSourceSize": {
						"x": 0,
						"y": 0,
						"w": 66,
						"h": 67
					},
					"frame": {
						"x": 690,
						"y": 701,
						"w": 66,
						"h": 67
					}
				},
				{
					"filename": "68",
					"rotated": false,
					"trimmed": false,
					"sourceSize": {
						"w": 44,
						"h": 66
					},
					"spriteSourceSize": {
						"x": 0,
						"y": 0,
						"w": 44,
						"h": 66
					},
					"frame": {
						"x": 764,
						"y": 0,
						"w": 44,
						"h": 66
					}
				},
				{
					"filename": "12",
					"rotated": false,
					"trimmed": false,
					"sourceSize": {
						"w": 62,
						"h": 48
					},
					"spriteSourceSize": {
						"x": 0,
						"y": 0,
						"w": 62,
						"h": 48
					},
					"frame": {
						"x": 345,
						"y": 759,
						"w": 62,
						"h": 48
					}
				},
				{
					"filename": "24",
					"rotated": false,
					"trimmed": false,
					"sourceSize": {
						"w": 52,
						"h": 61
					},
					"spriteSourceSize": {
						"x": 0,
						"y": 0,
						"w": 52,
						"h": 61
					},
					"frame": {
						"x": 756,
						"y": 284,
						"w": 52,
						"h": 61
					}
				},
				{
					"filename": "67",
					"rotated": false,
					"trimmed": false,
					"sourceSize": {
						"w": 26,
						"h": 56
					},
					"spriteSourceSize": {
						"x": 0,
						"y": 0,
						"w": 26,
						"h": 56
					},
					"frame": {
						"x": 342,
						"y": 314,
						"w": 26,
						"h": 56
					}
				},
				{
					"filename": "23",
					"rotated": false,
					"trimmed": false,
					"sourceSize": {
						"w": 52,
						"h": 53
					},
					"spriteSourceSize": {
						"x": 0,
						"y": 0,
						"w": 52,
						"h": 53
					},
					"frame": {
						"x": 756,
						"y": 345,
						"w": 52,
						"h": 53
					}
				},
				{
					"filename": "22",
					"rotated": false,
					"trimmed": false,
					"sourceSize": {
						"w": 48,
						"h": 48
					},
					"spriteSourceSize": {
						"x": 0,
						"y": 0,
						"w": 48,
						"h": 48
					},
					"frame": {
						"x": 592,
						"y": 260,
						"w": 48,
						"h": 48
					}
				},
				{
					"filename": "52",
					"rotated": false,
					"trimmed": false,
					"sourceSize": {
						"w": 23,
						"h": 23
					},
					"spriteSourceSize": {
						"x": 0,
						"y": 0,
						"w": 23,
						"h": 23
					},
					"frame": {
						"x": 640,
						"y": 287,
						"w": 23,
						"h": 23
					}
				},
				{
					"filename": "53",
					"rotated": false,
					"trimmed": false,
					"sourceSize": {
						"w": 22,
						"h": 21
					},
					"spriteSourceSize": {
						"x": 0,
						"y": 0,
						"w": 22,
						"h": 21
					},
					"frame": {
						"x": 407,
						"y": 759,
						"w": 22,
						"h": 21
					}
				},
				{
					"filename": "55",
					"rotated": false,
					"trimmed": false,
					"sourceSize": {
						"w": 13,
						"h": 18
					},
					"spriteSourceSize": {
						"x": 0,
						"y": 0,
						"w": 13,
						"h": 18
					},
					"frame": {
						"x": 425,
						"y": 480,
						"w": 13,
						"h": 18
					}
				},
				{
					"filename": "56",
					"rotated": false,
					"trimmed": false,
					"sourceSize": {
						"w": 13,
						"h": 18
					},
					"spriteSourceSize": {
						"x": 0,
						"y": 0,
						"w": 13,
						"h": 18
					},
					"frame": {
						"x": 425,
						"y": 498,
						"w": 13,
						"h": 18
					}
				},
				{
					"filename": "7",
					"rotated": false,
					"trimmed": false,
					"sourceSize": {
						"w": 55,
						"h": 104
					},
					"spriteSourceSize": {
						"x": 0,
						"y": 0,
						"w": 55,
						"h": 104
					},
					"frame": {
						"x": 592,
						"y": 156,
						"w": 55,
						"h": 104
					}
				}
			]
		}
	],
	"meta": {
		"app": "http://free-tex-packer.com",
		"version": "0.6.7"
	}
}